model,modelLabel,startProduction,predecessorLabel,successorLabel,height,width,length,mass,website,image
http://www.wikidata.org/entity/Q10403322,Q10403322,,,,,,,,,http://commons.wikimedia.org/wiki/Special:FilePath/%C5%A0koda%20100%20%281939%29.jpg
http://www.wikidata.org/entity/Q10404063,Q10404063,,,,,,,,,
http://www.wikidata.org/entity/Q10404082,Q10404082,,,,,,,,,
http://www.wikidata.org/entity/Q10404317,Q10404317,,,,,,,,,http://commons.wikimedia.org/wiki/Special:FilePath/%C5%A0koda%206%20ST%206-L.gif
http://www.wikidata.org/entity/Q10404862,Q10404862,,,,,,,,,http://commons.wikimedia.org/wiki/Special:FilePath/%C5%A0koda%20L.gif
http://www.wikidata.org/entity/Q11838654,Q11838654,,,Škoda 973,,,,,,http://commons.wikimedia.org/wiki/Special:FilePath/%C5%A0koda%20Combat%20Tudor%20%287581431548%29.jpg
http://www.wikidata.org/entity/Q12017919,Q12017919,,,,,,,,,http://commons.wikimedia.org/wiki/Special:FilePath/BAZ%20Furgonet.JPG
http://www.wikidata.org/entity/Q125844347,Q125844347,,,,,,,,,
http://www.wikidata.org/entity/Q25411589,Q25411589,,,,,,,,,http://commons.wikimedia.org/wiki/Special:FilePath/Skoda%20Rapid.jpg
http://www.wikidata.org/entity/Q30912732,Q30912732,,,,,,,,,http://commons.wikimedia.org/wiki/Special:FilePath/2016-03-01%20Geneva%20Motor%20Show%20G044.JPG
http://www.wikidata.org/entity/Q42652687,Q42652687,,,,,,,,,
http://www.wikidata.org/entity/Q60978802,Q60978802,,,,,,,,,http://commons.wikimedia.org/wiki/Special:FilePath/Skoda%20Vision%20RS%2C%20Paris%20Motor%20Show%202018%2C%20IMG%200724.jpg
http://www.wikidata.org/entity/Q60980858,Q60980858,,,,,,,,,http://commons.wikimedia.org/wiki/Special:FilePath/Skoda%20Kamiq%20Genf%202019%201Y7A5520.jpg
http://www.wikidata.org/entity/Q65127893,Q65127893,,,,,,,,,
http://www.wikidata.org/entity/Q91024251,Q91024251,,,,,,,,,http://commons.wikimedia.org/wiki/Special:FilePath/%C5%A0koda%20Targa%20at%20Legendy%202014.JPG
http://www.wikidata.org/entity/Q91450807,Q91450807,,,,,,,,,http://commons.wikimedia.org/wiki/Special:FilePath/%C5%A0koda%20Element%20Azubi%20Car%202017%20at%20Legendy%202018%20in%20Prague.jpg
http://www.wikidata.org/entity/Q9396964,Q9396964,,,,,,,,,http://commons.wikimedia.org/wiki/Special:FilePath/Skoda%20Prototyp%201933%20blue%20vr%20TCE.jpg
http://www.wikidata.org/entity/Q9396966,Q9396966,,,,,,,,,http://commons.wikimedia.org/wiki/Special:FilePath/2007-08-cesko-183.jpg
http://www.wikidata.org/entity/Q9396968,Q9396968,,,Škoda Octavia,,,,,,
http://www.wikidata.org/entity/Q9396972,Q9396972,,,,,,,,,
http://www.wikidata.org/entity/Q9396979,Q9396979,,,,,,,,,
http://www.wikidata.org/entity/Q10404354,CAS 25 Škoda 706 RTHP,,,,,,,,,http://commons.wikimedia.org/wiki/Special:FilePath/LIAZ0505.jpg
http://www.wikidata.org/entity/Q10259041,Category:Škoda Octavia,,,,,,,,,
http://www.wikidata.org/entity/Q21285732,HZS-1,,,,,,,,,http://commons.wikimedia.org/wiki/Special:FilePath/HZS-1%20ve%20Va%C5%88kovce%20obr10.jpg
http://www.wikidata.org/entity/Q12032400,LIAZ / Škoda 706 RT,,,,,,,,,http://commons.wikimedia.org/wiki/Special:FilePath/Brno%2C%20%C5%98e%C4%8Dkovice%2C%20depozit%C3%A1%C5%99%20TMB%2C%20valn%C3%ADk%20%C5%A0koda.jpg
http://www.wikidata.org/entity/Q90884070,MTX 1-01,,,,,,,,,http://commons.wikimedia.org/wiki/Special:FilePath/%C5%A0koda%20MTX%201-01%20at%20Legendy%202018%20in%20Prague.jpg
http://www.wikidata.org/entity/Q51078938,Skoda Yeti Roadster,,,,,,,,,http://commons.wikimedia.org/wiki/Special:FilePath/Techno%20Classica%202018%2C%20Essen%20%28IMG%209662%29.jpg
http://www.wikidata.org/entity/Q1128232,Trekka,,,,,1650,4200,,,http://commons.wikimedia.org/wiki/Special:FilePath/TrekkaNZ.jpg
http://www.wikidata.org/entity/Q329909,ÚVMV 1100 GT,,,,,,,,,http://commons.wikimedia.org/wiki/Special:FilePath/Skoda1100gt.jpg
http://www.wikidata.org/entity/Q90701188,Škoda 1000 MB Combi,,,,,,,,,http://commons.wikimedia.org/wiki/Special:FilePath/SkodaPrototyp990%28Skoda%201000%20MB%20Combi%29%20%282%29.JPG
http://www.wikidata.org/entity/Q137798766,Škoda 1000 MB/1100 MB,,Škoda Octavia,Škoda 100,,,,,,http://commons.wikimedia.org/wiki/Special:FilePath/Skoda%201000%20MB%20%281965%29%20%28cropped%29.jpg
http://www.wikidata.org/entity/Q137798859,Škoda 1000 MBX/1100 MBX,,Škoda Octavia,,,,,,,http://commons.wikimedia.org/wiki/Special:FilePath/%C5%A0koda%201000%20MBX%20%281967%29.jpg
http://www.wikidata.org/entity/Q10403352,Škoda 104,,,,,,,,,http://commons.wikimedia.org/wiki/Special:FilePath/Brno%2C%20%C5%98e%C4%8Dkovice%2C%20depozit%C3%A1%C5%99%20TMB%2C%20DOD%202016%2C%20Policie%20%281%29%20crop.jpg
http://www.wikidata.org/entity/Q3594275,Škoda 105,,,Škoda Favorit,,,,,,http://commons.wikimedia.org/wiki/Special:FilePath/%C5%A0koda%20105%20BJ%201978%20%28Foto%20Hilarmont%29%20%284%29%20%28cropped%29.jpg
http://www.wikidata.org/entity/Q90883839,Škoda 110,,,,,,,,,http://commons.wikimedia.org/wiki/Special:FilePath/Skoda-110LS.jpg
http://www.wikidata.org/entity/Q9396958,Škoda 1100 MB,,Škoda 1000 MB,Škoda 100,1390,1620,4170,,,http://commons.wikimedia.org/wiki/Special:FilePath/Brno%20-%20Zeln%C3%BD%20trh%2C%20%C5%A0koda%201100%20MB%2C%202024-06%2C%20obr01.jpg
http://www.wikidata.org/entity/Q90882060,Škoda 1100 MBX,,,,,,,,,http://commons.wikimedia.org/wiki/Special:FilePath/Skoda%201000%20MBX%20%2825801229633%29.jpg
http://www.wikidata.org/entity/Q391832,Škoda 1100 OHC,,Škoda Sport,,,1430,3880,,,http://commons.wikimedia.org/wiki/Special:FilePath/%C5%A0koda%201101%20OHC.jpg
http://www.wikidata.org/entity/Q9396957,Škoda 1101 Taub,,,,,,,,,
http://www.wikidata.org/entity/Q391837,Škoda 1101/1102,,Škoda Popular,Škoda 1200,1520,1500,4050,940,,http://commons.wikimedia.org/wiki/Special:FilePath/%C5%A0koda%201101%20tudor.JPG
http://www.wikidata.org/entity/Q9396959,Škoda 1102,,,,,,,,,http://commons.wikimedia.org/wiki/Special:FilePath/1951%20SKODA%201102%2C%20NG-70-77%2C%20Horn%2C%20the%20Netherlands%2C%20pic6.JPG
http://www.wikidata.org/entity/Q137771826,Škoda 120,,,Škoda Favorit,,,,,,http://commons.wikimedia.org/wiki/Special:FilePath/Skoda%20%287909327772%29%20%28cropped%29.jpg
http://www.wikidata.org/entity/Q90884029,Škoda 120 GLS,,,,,,,,,http://commons.wikimedia.org/wiki/Special:FilePath/Skoda%20%287909347996%29.jpg
http://www.wikidata.org/entity/Q9396961,Škoda 120 S,,,,,,,,,http://commons.wikimedia.org/wiki/Special:FilePath/Skoda120s.jpg
http://www.wikidata.org/entity/Q391849,Škoda 1201,,Škoda 1200,Škoda 1202,1520,1680,4500,,,http://commons.wikimedia.org/wiki/Special:FilePath/Skoda%201201%20Stationsvagn%201959.jpg
http://www.wikidata.org/entity/Q90884099,Škoda 1202 Kamyonet,,,,,,,,,http://commons.wikimedia.org/wiki/Special:FilePath/Skoda%201202%20with%20Pick%20up%20body%20built%20in%20Turkey%20by%20Celik%20Motor.%20%2816324740590%29%20-%20cropped.jpg
http://www.wikidata.org/entity/Q90884067,Škoda 125,,,Škoda Favorit,,,,,,http://commons.wikimedia.org/wiki/Special:FilePath/%C5%A0koda%20125%20L%20%2846510243835%29%20%28cropped%29.jpg
http://www.wikidata.org/entity/Q98526234,Škoda 130 L/A,,,,,,,,,http://commons.wikimedia.org/wiki/Special:FilePath/2015%20Rally%20Bohemia%20Historic%20-%20Jun.jpg
http://www.wikidata.org/entity/Q98526141,Škoda 130 LR,,,,,,,,,http://commons.wikimedia.org/wiki/Special:FilePath/13-04-05-Skoda%20Museum%20Mlad%C3%A1%20Boleslav%20by%20RalfR-021.jpg
http://www.wikidata.org/entity/Q9396960,Škoda 130 RS,,,,,,,,,http://commons.wikimedia.org/wiki/Special:FilePath/130RS.JPG
http://www.wikidata.org/entity/Q137771820,Škoda 135,,,Škoda Favorit,,,,,,http://commons.wikimedia.org/wiki/Special:FilePath/Skoda%20%287907616216%29.jpg
http://www.wikidata.org/entity/Q90882074,Škoda 136,,,Škoda Favorit,,,,,,http://commons.wikimedia.org/wiki/Special:FilePath/%C5%A0koda%20136L%20%C5%A1ed%C3%A1%20%28cropped%29.JPG
http://www.wikidata.org/entity/Q391867,Škoda 150,,,,,,,,,http://commons.wikimedia.org/wiki/Special:FilePath/Praga%20A150%20light%20truck%20crop.JPG
http://www.wikidata.org/entity/Q9396965,Škoda 154,,,,,,,,,http://commons.wikimedia.org/wiki/Special:FilePath/1930%20Skoda%20154%20fire%20engine%20pic1.JPG
http://www.wikidata.org/entity/Q90883423,Škoda 160 RS MTX,,,,,,,,,http://commons.wikimedia.org/wiki/Special:FilePath/%C5%A0koda%20160%20RS%20MTX%20Rally%20Legend%202014.jpg
http://www.wikidata.org/entity/Q10403699,Škoda 200 RS,,,,,,,,,http://commons.wikimedia.org/wiki/Special:FilePath/Skoda-museum-mlada-boleslav-rr-088.jpg
http://www.wikidata.org/entity/Q10403726,Škoda 206,,,,,,,,,http://commons.wikimedia.org/wiki/Special:FilePath/%C5%A0koda%20206%20-%20all-metal%20body%2C%20hydraulical%20dump%20%28Auto%20magazine%2C%201931%29.png
http://www.wikidata.org/entity/Q10403816,Škoda 254,,,,,,,,,http://commons.wikimedia.org/wiki/Special:FilePath/%C5%A0koda%20254%20D%20%281938%29.jpg
http://www.wikidata.org/entity/Q10403838,Škoda 256,,,,,,,,,http://commons.wikimedia.org/wiki/Special:FilePath/%C5%A0koda%20256%20G%20in%20the%20Po%C5%99e%C5%BEany%20museum.jpg
http://www.wikidata.org/entity/Q10403914,Škoda 304,,,,,,,,,http://commons.wikimedia.org/wiki/Special:FilePath/Commercial%20vehicle%2C%20Skoda-brand%2C%20Czech%20brand%20Fortepan%2071315.jpg
http://www.wikidata.org/entity/Q10403941,Škoda 306,,,,,,,,,http://commons.wikimedia.org/wiki/Special:FilePath/%C5%A0koda%20306%20N%20-%20all-metal%20body%20%28Auto%20magazine%2C%201931%29.png
http://www.wikidata.org/entity/Q391900,Škoda 4 R,,Laurin & Klement - Škoda 110,,,,,,,http://commons.wikimedia.org/wiki/Special:FilePath/%C5%A0koda%204%20R%20Coup%C3%A9%201928%20%284-cylinder%2C%2075x110%20mm%2C%2014-34%20HP%29.png
http://www.wikidata.org/entity/Q391885,Škoda 420,,,,1500,1360,3770,,,http://commons.wikimedia.org/wiki/Special:FilePath/Skoda%20420%20Popular%20%281937%29%20Classic-Days%202022%20IMG%207042.jpg
http://www.wikidata.org/entity/Q391887,Škoda 422,,Škoda 420,,,,,950,,http://commons.wikimedia.org/wiki/Special:FilePath/Unknown%20model%20of%20Skoda%20in%20Praque.jpg
http://www.wikidata.org/entity/Q391890,Škoda 430,,,,1750,1660,4430,,,http://commons.wikimedia.org/wiki/Special:FilePath/110%20let%20zalo%C5%BEen%C3%AD%20autoklubu%20v%20Liberci%2003.JPG
http://www.wikidata.org/entity/Q9396969,Škoda 450,,Škoda 1101/1102,Škoda Felicia,1380,1600,4065,930,,http://commons.wikimedia.org/wiki/Special:FilePath/Techno%20Classica%202018%2C%20Essen%20%28IMG%209652%29.jpg
http://www.wikidata.org/entity/Q10404163,Škoda 504,,,,,,,,,http://commons.wikimedia.org/wiki/Special:FilePath/N%C3%A1kladn%C3%AD%20automobil%20zn.%20%C5%A0koda%201930%20%28Pivovar%20Vy%C5%A1kov-%20czech%20republic%29.jpg
http://www.wikidata.org/entity/Q10404175,Škoda 506,,,,,,,,,http://commons.wikimedia.org/wiki/Special:FilePath/%C5%A0koda%20506%206-cylinder%20of%205-tonne%20capacity%20%28Auto%20magazine%2C%201929%29.png
http://www.wikidata.org/entity/Q131985540,Škoda 550,,,,,,,,,http://commons.wikimedia.org/wiki/Special:FilePath/%C5%A0koda%20550%20Wood%20system%20truck%20%28Auto%20magazine%2C%201927%29.png
http://www.wikidata.org/entity/Q391915,Škoda 6 R,,,,,,,,,http://commons.wikimedia.org/wiki/Special:FilePath/%C5%A0koda%206%20R%2C%206-cylinder%20Limousine%20%28%C4%8Cesk%C3%BD%20sv%C4%9Bt%2C%201928%29.png
http://www.wikidata.org/entity/Q391906,Škoda 633,,,,,,,,,http://commons.wikimedia.org/wiki/Special:FilePath/%C5%A0koda%20633%20-%201933.JPG
http://www.wikidata.org/entity/Q391902,Škoda 637,,,,,,,,,http://commons.wikimedia.org/wiki/Special:FilePath/%C5%A0koda%20637%20%281934%29%2005.jpg
http://www.wikidata.org/entity/Q391904,Škoda 645,,,,,,,,,http://commons.wikimedia.org/wiki/Special:FilePath/Techno%20Classica%202018%2C%20Essen%20%28IMG%209665%29.jpg
http://www.wikidata.org/entity/Q391912,Škoda 650,,,,,,,,,http://commons.wikimedia.org/wiki/Special:FilePath/%C5%A0koda%20650%20%281934%29.jpg
http://www.wikidata.org/entity/Q10404450,Škoda 740,,,,,,,,,http://commons.wikimedia.org/wiki/Special:FilePath/SkodaPrototyp740.JPG
http://www.wikidata.org/entity/Q391932,Škoda 860,,,,,,,,,http://commons.wikimedia.org/wiki/Special:FilePath/2014%20%C5%A0koda%20Museum%2C%20%C5%A0koda%20860%201932%2001.JPG
http://www.wikidata.org/entity/Q9396974,Škoda 903,,,,,,,,,http://commons.wikimedia.org/wiki/Special:FilePath/BAHNA%202018%20-%20670.jpg
http://www.wikidata.org/entity/Q391934,Škoda 932,,,,,,,,,
http://www.wikidata.org/entity/Q391937,Škoda 935,,,,,,,,,http://commons.wikimedia.org/wiki/Special:FilePath/%C5%A0koda%20935.jpg
http://www.wikidata.org/entity/Q391939,Škoda 973,,Q11838654,,,,,,,http://commons.wikimedia.org/wiki/Special:FilePath/%C5%A0koda%20Museum%20-%20%C5%A0koda%20973%20Babeta.JPG
http://www.wikidata.org/entity/Q63978770,Škoda Citigo-e iV,,,,,,,,,http://commons.wikimedia.org/wiki/Special:FilePath/Skoda%20Citigo-e%20iV%20at%20IAA%202019%20IMG%200269.jpg
http://www.wikidata.org/entity/Q118911224,Škoda Eltra,,,,,,,,,http://commons.wikimedia.org/wiki/Special:FilePath/1992%20Skoda%20Elmo%20Pick%20Up.jpg
http://www.wikidata.org/entity/Q391958,Škoda F3,,,,,,,,,http://commons.wikimedia.org/wiki/Special:FilePath/Skoda-museum-mlada-boleslav-rr-118.jpg
http://www.wikidata.org/entity/Q20354830,Škoda Fabia R5,,Škoda Fabia S2000,Škoda Fabia Rally2 evo,,,,,,http://commons.wikimedia.org/wiki/Special:FilePath/Rally%20de%20Portugal%202019%20-%20%C5%A0KODA%20FABIA%20Rally2%20evo.jpg
http://www.wikidata.org/entity/Q112663761,Škoda Fabia RS Rally2,,,,,,,,https://www.skoda-motorsport.com/en/skoda-fabia-rs-rally2,http://commons.wikimedia.org/wiki/Special:FilePath/2022%20Bohemia%20Rally%20Mlad%C3%A1%20Boleslav%20-%20Mikkelsen%2C%20%C5%A0koda%20Fabia%20RS%20Rally2.jpg
http://www.wikidata.org/entity/Q112663761,Škoda Fabia RS Rally2,,,,,,,,https://www.skoda-motorsport.com/en/skoda-fabia-rs-rally2,http://commons.wikimedia.org/wiki/Special:FilePath/2023%20Bohemia%20Rally%20Mlad%C3%A1%20Boleslav%20-%20Kopeck%C3%BD.jpg
http://www.wikidata.org/entity/Q65042038,Škoda Fabia Rally2 evo,,Škoda Fabia R5,,,,,,,http://commons.wikimedia.org/wiki/Special:FilePath/Rally%20de%20Portugal%202019%20-%20%C5%A0KODA%20FABIA%20Rally2%20evo.jpg
http://www.wikidata.org/entity/Q257578,Škoda Fabia S2000,,Škoda Fabia WRC,Škoda Fabia R5,,,4000,,,http://commons.wikimedia.org/wiki/Special:FilePath/%C5%A0kodaFabiaS2000%282009%29.jpg
http://www.wikidata.org/entity/Q391999,Škoda Favorit,,Škoda 430,,,,,,,http://commons.wikimedia.org/wiki/Special:FilePath/2007-08-cesko-207.jpg
http://www.wikidata.org/entity/Q90701223,Škoda Favorit prototype,,,,,,,,,http://commons.wikimedia.org/wiki/Special:FilePath/SkodaFavoritCoupe.JPG
http://www.wikidata.org/entity/Q90701327,Škoda Favorit sedan,,,,,,,,,http://commons.wikimedia.org/wiki/Special:FilePath/%C5%A0koda%20auto%20museum%20FSedan.JPG
http://www.wikidata.org/entity/Q391899,Škoda Felicia,,Škoda 440,,1380,1600,4065,,,http://commons.wikimedia.org/wiki/Special:FilePath/13-04-05-Skoda%20Museum%20Mlad%C3%A1%20Boleslav%20by%20RalfR-014%20%28cropped%29.jpg
http://www.wikidata.org/entity/Q90882163,Škoda Felicia Fun,,,,,,,,,http://commons.wikimedia.org/wiki/Special:FilePath/%C5%A0koda%20Felicia%20Fun%20at%20Legendy%202018%20in%20Prague.jpg
http://www.wikidata.org/entity/Q8082809,Škoda Felicia Kit Car,,,,,,,,,http://commons.wikimedia.org/wiki/Special:FilePath/Rally%20Bohemia%202011%20-%20Bro%C5%BE.jpg
http://www.wikidata.org/entity/Q9396975,Škoda Forman,,,,,,,,,http://commons.wikimedia.org/wiki/Special:FilePath/Brno%2C%20%C4%8Cern%C3%A1%20Pole%2C%20Pflegrova%2C%20%C5%A0koda%20Forman%20%282022-05-28%3B%2001%29%20%28cropped%29.jpg
http://www.wikidata.org/entity/Q90701195,Škoda Forman Plus,,,,,,,,,http://commons.wikimedia.org/wiki/Special:FilePath/Brno%2C%20Wurmova%2C%20%C5%A0koda%20Forman%20Plus.jpg
http://www.wikidata.org/entity/Q90701197,Škoda Forman Praktik,,,,,,,,,http://commons.wikimedia.org/wiki/Special:FilePath/Pardubice%2C%20s%C3%ADdli%C5%A1t%C4%9B%20Dubina%2C%20Jana%20Zaj%C3%ADce%2C%20%C5%A0koda%20Forman%20Praktik.jpg
http://www.wikidata.org/entity/Q257346,Škoda Garde,,Škoda 110 R,Škoda Rapid (1984),1380,1610,4170,855,,http://commons.wikimedia.org/wiki/Special:FilePath/Skoda%20rapid%20001.jpg
http://www.wikidata.org/entity/Q10404742,Škoda HS-300,,,,,,,,,
http://www.wikidata.org/entity/Q392006,Škoda Joyster,,,,,,,,,http://commons.wikimedia.org/wiki/Special:FilePath/%C5%A0koda%20Joyster.jpg
http://www.wikidata.org/entity/Q59572019,Škoda Kodiaq GT,,,,1649,1883,4634,,,http://commons.wikimedia.org/wiki/Special:FilePath/Skoda%20Kodiaq%20GT%20001.jpg
http://www.wikidata.org/entity/Q90700853,Škoda Kodiaq RS,,,,,,,,,http://commons.wikimedia.org/wiki/Special:FilePath/Skoda%20Kodiaq%20RS%20at%20IAA%202019%20IMG%200788.jpg
http://www.wikidata.org/entity/Q392013,Škoda MOŽ-2,,,,,,,,,http://commons.wikimedia.org/wiki/Special:FilePath/%C5%A0koda%20MO%C5%BD-2%2C%20VTM%20Le%C5%A1any.jpg
http://www.wikidata.org/entity/Q392012,Škoda MissionL,,,Škoda Rapid,,,,,,http://commons.wikimedia.org/wiki/Special:FilePath/11-09-04-iaa-by-RalfR-394.jpg
http://www.wikidata.org/entity/Q90882055,Škoda Octavia Combi (1961 - 1971),,,,,,,,,http://commons.wikimedia.org/wiki/Special:FilePath/2010-07-30%20Skoda%20Octavia%20Combi%20%281959%20-%201971%29%20%282%29.jpg
http://www.wikidata.org/entity/Q16689282,Škoda Octavia RS,,,,,,,,,http://commons.wikimedia.org/wiki/Special:FilePath/Skoda%20Octavia%20IV%20RS%20IMG%204251.jpg
http://www.wikidata.org/entity/Q10396630,Škoda Octavia Scout,,,,,,,,,http://commons.wikimedia.org/wiki/Special:FilePath/2016%20Skoda%20Octavia%20Scout%20TDi%204X4%202.0%20Front.jpg
http://www.wikidata.org/entity/Q90883266,Škoda Octavia Super,,,,,,,,,http://commons.wikimedia.org/wiki/Special:FilePath/%C5%A0koda%20Octavia.jpeg
http://www.wikidata.org/entity/Q90883477,Škoda Octavia Touring Sport (1960 - 1964),,,,,,,,,http://commons.wikimedia.org/wiki/Special:FilePath/286.%20Pekka%20Anttalainen%20and%20Tapani%20Valo%2C%20Skoda%20Octavia%20TS%20%286002644365%29.jpg
http://www.wikidata.org/entity/Q90701201,Škoda Pick-up,,,,,,,,,http://commons.wikimedia.org/wiki/Special:FilePath/Skoda%20Favorit%20LX%20Pick%20up%201995%20%2826525339629%29.jpg
http://www.wikidata.org/entity/Q90701134,Škoda Rapid (China),,,,,,,,,http://commons.wikimedia.org/wiki/Special:FilePath/%C5%A0koda%20Rapid%20CN%20China%202013-03-03.jpg
http://www.wikidata.org/entity/Q392040,Škoda Rapid 2200,,,,,,,1350,,
http://www.wikidata.org/entity/Q392047,Škoda Rapid Six,,,,,,,1050,,
http://www.wikidata.org/entity/Q23661383,Škoda Rapid Spaceback,,,,,,,,,http://commons.wikimedia.org/wiki/Special:FilePath/Skoda%20Rapid%20Spaceback%201.2%20TSI%20Style%20Plus%20%E2%80%93%20Frontansicht%2C%2015.%20M%C3%A4rz%202014%2C%20D%C3%BCsseldorf.jpg
http://www.wikidata.org/entity/Q90701141,Škoda Rapid Sport,,,,,,,,,http://commons.wikimedia.org/wiki/Special:FilePath/Rapid%20Sport.jpg
http://www.wikidata.org/entity/Q392052,Škoda Sagitta,,,,,,,,,http://commons.wikimedia.org/wiki/Special:FilePath/Skoda%20Sagitta%201936-1937%20seitlich.JPG
http://www.wikidata.org/entity/Q13634413,Škoda Sentinel,,,,,,,,,http://commons.wikimedia.org/wiki/Special:FilePath/Brno%2C%20%C5%98e%C4%8Dkovice%2C%20depozit%C3%A1%C5%99%20TMB%2C%20DOD%202013%2C%20%C5%A0koda%20Sentinel%20%2801%29.jpg
http://www.wikidata.org/entity/Q392054,Škoda Sport,,,,,,,,,http://commons.wikimedia.org/wiki/Special:FilePath/1950%20Skoda%201101%20Sport%20IMG%203047%20-%20Flickr%20-%20nemor2.jpg
http://www.wikidata.org/entity/Q10403396,Škoda Super Sport,,,,,,,,,http://commons.wikimedia.org/wiki/Special:FilePath/Skoda%20110%20Super%20sport%20%27Ferat%27%20type%20724%20pic7.JPG
http://www.wikidata.org/entity/Q392063,Škoda Superb I,,,Škoda Superb II,1469,1765,4803,,,http://commons.wikimedia.org/wiki/Special:FilePath/SkodaSuperb.jpg
http://www.wikidata.org/entity/Q392067,Škoda Superb II,,Škoda Superb I,Škoda Superb III,,1817,,,,http://commons.wikimedia.org/wiki/Special:FilePath/2009%20Skoda%20Superb%20Elegance%20CRTDi%20Automatic%202.0%20Front.jpg
http://www.wikidata.org/entity/Q19758190,Škoda Superb III,,Škoda Superb II,,1468,1864,4856,,,http://commons.wikimedia.org/wiki/Special:FilePath/2018%20Skoda%20Superb%20SE%20L%20Executive%20TSi%201.4.jpg
http://www.wikidata.org/entity/Q19758190,Škoda Superb III,,Škoda Superb II,,1477,1864,4856,,,http://commons.wikimedia.org/wiki/Special:FilePath/2018%20Skoda%20Superb%20SE%20L%20Executive%20TSi%201.4.jpg
http://www.wikidata.org/entity/Q19758190,Škoda Superb III,,Škoda Superb II,,1468,1864,4861,,,http://commons.wikimedia.org/wiki/Special:FilePath/2018%20Skoda%20Superb%20SE%20L%20Executive%20TSi%201.4.jpg
http://www.wikidata.org/entity/Q19758190,Škoda Superb III,,Škoda Superb II,,1477,1864,4861,,,http://commons.wikimedia.org/wiki/Special:FilePath/2018%20Skoda%20Superb%20SE%20L%20Executive%20TSi%201.4.jpg
http://www.wikidata.org/entity/Q392076,Škoda Tudor (2002),,,,,,,,,http://commons.wikimedia.org/wiki/Special:FilePath/Skoda%20tudor%202002-1.jpg
http://www.wikidata.org/entity/Q392076,Škoda Tudor (2002),,,,,,,,,http://commons.wikimedia.org/wiki/Special:FilePath/Skoda%20tudor%202002-2.jpg
http://www.wikidata.org/entity/Q392076,Škoda Tudor (2002),,,,,,,,,http://commons.wikimedia.org/wiki/Special:FilePath/SkodaTudorConceptbyAlofok%281%29.JPG
http://www.wikidata.org/entity/Q392084,Škoda Vision D,,,,,,,,,http://commons.wikimedia.org/wiki/Special:FilePath/13-04-05-Skoda%20Museum%20Mlad%C3%A1%20Boleslav%20by%20RalfR-206.jpg
http://www.wikidata.org/entity/Q86661184,Škoda Vision E,,,,,,,,,http://commons.wikimedia.org/wiki/Special:FilePath/Skoda%20Vision%20E%20IMG%200094.jpg
http://www.wikidata.org/entity/Q56884256,Škoda Vision RS,,,,,,,,,http://commons.wikimedia.org/wiki/Special:FilePath/Skoda%20Vision%20RS%20-%20Mondial%20de%20l%27Automobile%20de%20Paris%202018%20-%20003.jpg
http://www.wikidata.org/entity/Q50388201,Škoda Vision X,,,,,,,,,http://commons.wikimedia.org/wiki/Special:FilePath/Skoda%2C%20GIMS%202018%2C%20Le%20Grand-Saconnex%20%281X7A1562%29.jpg
http://www.wikidata.org/entity/Q50388201,Škoda Vision X,,,,,,,,,http://commons.wikimedia.org/wiki/Special:FilePath/Tuning%20World%20Bodensee%202018%2C%20Friedrichshafen%20%28OW1A0584%29.jpg
http://www.wikidata.org/entity/Q16295647,Škoda VisionC,,,,,,,,,http://commons.wikimedia.org/wiki/Special:FilePath/2014-03-04%20Geneva%20Motor%20Show%201332-1.JPG
http://www.wikidata.org/entity/Q30277434,Škoda ŠOT,,,,,,,,,
http://www.wikidata.org/entity/Q12032396,LIAZ 400,,,,,,,,,http://commons.wikimedia.org/wiki/Special:FilePath/%C5%A0koda-Xena%20Sytov%C3%A1-CIMG1476.jpg
http://www.wikidata.org/entity/Q1982880,Volkswagen Group New Small Family,,,,,,,,,http://commons.wikimedia.org/wiki/Special:FilePath/VW%20high%20up%21%201.0%20%E2%80%93%20Frontansicht%2C%2017.%20M%C3%A4rz%202012%2C%20D%C3%BCsseldorf.jpg
http://www.wikidata.org/entity/Q391822,Škoda 100,,Škoda 1000 MB,Škoda 105/120/125,1380,1620,4155,,,http://commons.wikimedia.org/wiki/Special:FilePath/%C5%A0koda%20v%20Praze%20%282%29.jpg
http://www.wikidata.org/entity/Q391825,Škoda 1000 MB,,Škoda Octavia,Škoda 100,1390,1620,4170,,,http://commons.wikimedia.org/wiki/Special:FilePath/Skoda%201000%20MB%20%281965%29%20%28cropped%29.jpg
http://www.wikidata.org/entity/Q391936,Škoda 105/120/125,,Škoda 100,Škoda Favorit,1400,1595,4160,,http://new.skoda-auto.it/reu/model/olders/models/pages/120.aspx,http://commons.wikimedia.org/wiki/Special:FilePath/Skoda%20Estelle%20Malta%201996.jpg
http://www.wikidata.org/entity/Q391841,Škoda 110 R,,Škoda 1000 MB,Škoda Garde,1340,1620,4155,880,,http://commons.wikimedia.org/wiki/Special:FilePath/%C5%A0koda%20110%20R%201977.jpg
http://www.wikidata.org/entity/Q391845,Škoda 1200,,Škoda 1101/1102,Škoda 1201,1680,1520,,1060,,http://commons.wikimedia.org/wiki/Special:FilePath/1955%20Skoda%201200%20%282568618690%29.jpg
http://www.wikidata.org/entity/Q391847,Škoda 1202,,Škoda 1201,Škoda 1203,1580,1700,4485,,,http://commons.wikimedia.org/wiki/Special:FilePath/Brno%2C%20Mahenova%2C%20%C5%A0koda%201202%20%2802%29.jpg
http://www.wikidata.org/entity/Q391853,Škoda 1203,,Škoda 1202,,1900,1800,4520,,,http://commons.wikimedia.org/wiki/Special:FilePath/Skoda1203Brumov-BylniceAlofok%20%281%29.jpg
http://www.wikidata.org/entity/Q12032779,Škoda 125,,,,,,,,,http://commons.wikimedia.org/wiki/Special:FilePath/Sodomkovo%20M%C3%BDto%202011%20-%2021.JPG
http://www.wikidata.org/entity/Q8082807,Škoda 130,,,Škoda Favorit,,,,,,http://commons.wikimedia.org/wiki/Special:FilePath/Skoda130estelle.JPG
http://www.wikidata.org/entity/Q391896,Škoda 440,,Škoda 1101/1102,Škoda Octavia,1430,1600,4065,,,http://commons.wikimedia.org/wiki/Special:FilePath/Skoda%20440%20red%20vr%20TCE.jpg
http://www.wikidata.org/entity/Q10404225,Škoda 606,,,,,,,,,http://commons.wikimedia.org/wiki/Special:FilePath/N%C3%A1kladn%C3%AD%20automobil%20zn.%20%C5%A0koda%201930%20%28Pivovar%20Vy%C5%A1kov-%20czech%20republic%29.jpg
http://www.wikidata.org/entity/Q391919,Škoda 706,,Škoda 706 R,Category:Škoda trucks,,,,,,http://commons.wikimedia.org/wiki/Special:FilePath/LIAZ0505.jpg
http://www.wikidata.org/entity/Q10404425,Škoda 720,,,,,,,,,http://commons.wikimedia.org/wiki/Special:FilePath/SkodaPrototyp720OP1%20%281%29.JPG
http://www.wikidata.org/entity/Q117390,Škoda 760,,,,,,,,,http://commons.wikimedia.org/wiki/Special:FilePath/SkodaPrototyp760%20%281%29.JPG
http://www.wikidata.org/entity/Q391963,Škoda Citigo,,Volkswagen Lupo,,1478,1641,3563,,https://www.skoda-auto.com/models/range/citigoe-iv,http://commons.wikimedia.org/wiki/Special:FilePath/%C5%A0koda%20Citigo-e%20iV%201X7A7291.jpg
http://www.wikidata.org/entity/Q30753091,Škoda Enyaq iV,,,,1616,2148,4655,,https://www.skoda-auto.com/models/range/enyaq-iv,http://commons.wikimedia.org/wiki/Special:FilePath/%C5%A0koda%20Enyaq%20IMG%201190.jpg
http://www.wikidata.org/entity/Q125365975,Škoda Epiq,,,,,,,,,http://commons.wikimedia.org/wiki/Special:FilePath/%C5%A0koda%20Epiq%20Showcar%20IAA%202025%20DSC%201378%20%28cropped%29.jpg
http://www.wikidata.org/entity/Q163053,Škoda Fabia,,Škoda Felicia,,,,3970,,https://www.skoda-auto.com/models/range/fabia,http://commons.wikimedia.org/wiki/Special:FilePath/2018%20Skoda%20Fabia%20SE%20MPi%201.0.jpg
http://www.wikidata.org/entity/Q391966,Škoda Fabia I,,Škoda Felicia,Škoda Fabia II,,1646,,,,http://commons.wikimedia.org/wiki/Special:FilePath/%C5%A0koda%20Fabia%20Yellow.jpg
http://www.wikidata.org/entity/Q391971,Škoda Fabia II,,Škoda Fabia I,Škoda Fabia III,,,,,,http://commons.wikimedia.org/wiki/Special:FilePath/Skoda%20Fabia%20II%2020090426%20front.JPG
http://www.wikidata.org/entity/Q18410434,Škoda Fabia III,,Škoda Fabia II,,,1732,,,,http://commons.wikimedia.org/wiki/Special:FilePath/2018%20Skoda%20Fabia%20facelift%201.0%20Front.jpg
http://www.wikidata.org/entity/Q2068865,Škoda Fabia WRC,,Škoda Octavia WRC,Škoda Fabia S2000,,,,,,http://commons.wikimedia.org/wiki/Special:FilePath/Armin%20Schwarz%20-%202005%20Rally%20Finland.jpg
http://www.wikidata.org/entity/Q391996,Škoda Favorit,,Škoda 105/120/125,Škoda Felicia,1415,1620,3815,840,,http://commons.wikimedia.org/wiki/Special:FilePath/Skoda%20Favorit%20Utrecht%201989.jpg
http://www.wikidata.org/entity/Q392016,Škoda Felicia,,Škoda Favorit,Škoda Fabia,1415,1635,3855,,,http://commons.wikimedia.org/wiki/Special:FilePath/SkodaFelicia1.jpg
http://www.wikidata.org/entity/Q52054487,Škoda Kamiq,,Škoda Yeti,,1593,1781,4390,1277,,http://commons.wikimedia.org/wiki/Special:FilePath/Skoda%20Kamiq%20Genf%202019%201Y7A5528.jpg
http://www.wikidata.org/entity/Q65246931,Škoda Kamiq (Китай),,,,,,,,,http://commons.wikimedia.org/wiki/Special:FilePath/2018%20SAIC-%C5%A0koda%20Kamiq.jpg
http://www.wikidata.org/entity/Q29584097,Škoda Karoq,,Škoda Yeti,,1603,1841,4382,1318,https://www.skoda-auto.com/models/range/karoq,http://commons.wikimedia.org/wiki/Special:FilePath/2018%20Skoda%20Karoq%20Edition%20TDi%20SCR%204X4%202.0%20Front.jpg
http://www.wikidata.org/entity/Q11832265,Škoda Kodiaq,,,,1676,1882,4697,,http://www.skoda.fr/gamme/kodiaq/presentation,http://commons.wikimedia.org/wiki/Special:FilePath/2018%20Skoda%20Kodiaq%20Edition%20TDi.jpg
http://www.wikidata.org/entity/Q105044283,Škoda Kushaq,,,,1612,1760,4221,,https://www.skoda-auto.co.in/models/kushaq,http://commons.wikimedia.org/wiki/Special:FilePath/4th%20International%20Auto%20Show%2C%20Bangalore%20%282025%29%2082.jpg
http://www.wikidata.org/entity/Q130223132,Škoda Kylaq,,,,1619,1783,3995,,https://www.skoda-auto.com/models/range/kylaq,http://commons.wikimedia.org/wiki/Special:FilePath/4th%20International%20Auto%20Show%2C%20Bangalore%20%282025%29%2081.jpg
http://www.wikidata.org/entity/Q223696,Škoda Octavia,,,,,1829,,,http://www.skoda-auto.cz/modely/octavia,http://commons.wikimedia.org/wiki/Special:FilePath/Skoda%20Octavia%20IV%20Combi%20IMG%202617.jpg
http://www.wikidata.org/entity/Q2439814,Škoda Octavia,,Škoda 440,Škoda 1000 MB,,,4065,,,http://commons.wikimedia.org/wiki/Special:FilePath/Skoda%20Octavia%20%281959%29%20at%20IAA%202019%20IMG%200271.jpg
http://www.wikidata.org/entity/Q392017,Škoda Octavia I,,,Škoda Octavia II,,1731,,,,http://commons.wikimedia.org/wiki/Special:FilePath/Skoda%20Octavia%20I%20front%2020080213.jpg
http://www.wikidata.org/entity/Q392018,Škoda Octavia II,,Škoda Octavia I,Škoda Octavia III,,1769,4572,,,http://commons.wikimedia.org/wiki/Special:FilePath/Skoda%20Octavia%20TDI%20%28II%2C%20Facelift%29%20%E2%80%93%20Frontansicht%2C%201.%20April%202011%2C%20W%C3%BClfrath.jpg
http://www.wikidata.org/entity/Q1609671,Škoda Octavia III,,Škoda Octavia II,,,1814,,,,http://commons.wikimedia.org/wiki/Special:FilePath/2018%20Skoda%20Octavia%20SE%20TDi%20S-A%201.6%20Front.jpg
http://www.wikidata.org/entity/Q75030046,Škoda Octavia IV,,,,,,,,,http://commons.wikimedia.org/wiki/Special:FilePath/Skoda%20Octavia%20IV%20Combi%20IMG%202617.jpg
http://www.wikidata.org/entity/Q2673846,Škoda Octavia WRC,,,Škoda Fabia WRC,,,,,,http://commons.wikimedia.org/wiki/Special:FilePath/SkodaOctaviaWRCMBbyAlofok%20%281%29.JPG
http://www.wikidata.org/entity/Q392024,Škoda Pick-up,,,,,,,,,http://commons.wikimedia.org/wiki/Special:FilePath/Brno%2C%20Barvi%C4%8Dova%2C%20%C5%A0koda%20Pickup.jpg
http://www.wikidata.org/entity/Q392026,Škoda Popular,,Škoda 420,Škoda 1101/1102,,,,,,http://commons.wikimedia.org/wiki/Special:FilePath/13-04-05-Skoda%20Museum%20Mlad%C3%A1%20Boleslav%20by%20RalfR-095.jpg
http://www.wikidata.org/entity/Q2116818,Škoda Praktik,,,,,,,,,http://commons.wikimedia.org/wiki/Special:FilePath/%C5%A0koda%20Praktik%20Eesti%20Energia%20duty%20vehicle.jpg
http://www.wikidata.org/entity/Q9396978,Škoda RSO,,,,,,,,,http://commons.wikimedia.org/wiki/Special:FilePath/Skoda%20Rad%20Schlepper%201944%20%2812169501973%29.jpg
http://www.wikidata.org/entity/Q180270,Škoda Rapid,,,Škoda Scala,1459,1706,4304,,,http://commons.wikimedia.org/wiki/Special:FilePath/2014%20Skoda%20Rapid%20SE%20Connect%20TSi%201.2%20Front.jpg
http://www.wikidata.org/entity/Q180270,Škoda Rapid,,,Škoda Scala,1461,1706,4304,,,http://commons.wikimedia.org/wiki/Special:FilePath/2014%20Skoda%20Rapid%20SE%20Connect%20TSi%201.2%20Front.jpg
http://www.wikidata.org/entity/Q180270,Škoda Rapid,,,Škoda Scala,1459,1706,4483,,,http://commons.wikimedia.org/wiki/Special:FilePath/2014%20Skoda%20Rapid%20SE%20Connect%20TSi%201.2%20Front.jpg
http://www.wikidata.org/entity/Q180270,Škoda Rapid,,,Škoda Scala,1461,1706,4483,,,http://commons.wikimedia.org/wiki/Special:FilePath/2014%20Skoda%20Rapid%20SE%20Connect%20TSi%201.2%20Front.jpg
http://www.wikidata.org/entity/Q346196,Škoda Rapid,,,,,,,,,http://commons.wikimedia.org/wiki/Special:FilePath/Skoda%20130%20Rapid.jpg
http://www.wikidata.org/entity/Q392029,Škoda Rapid (1935–47),,Škoda 420,,,,,,,http://commons.wikimedia.org/wiki/Special:FilePath/Old%20Skoda%20Rapid%202.jpg
http://www.wikidata.org/entity/Q392038,Škoda Rapid (1984),,Škoda Garde,,1380,1610,4170,,,http://commons.wikimedia.org/wiki/Special:FilePath/Skoda%20Rapid%2C%20Pfingsttreffen%20Puetnitz%202018%2C%20Ribnitz-Damgarten%20%281X7A2426%29.jpg
http://www.wikidata.org/entity/Q392036,Škoda Rapid (2011),,,Škoda Slavia,1466,1699,4386,,,http://commons.wikimedia.org/wiki/Special:FilePath/Skoda%20Rapid.jpg
http://www.wikidata.org/entity/Q392071,Škoda Roomster,,Škoda Pick-up,,,1684,4205,,,http://commons.wikimedia.org/wiki/Special:FilePath/2014%20Skoda%20Roomster%20SE%20TDi%20CR%201.6%20Front.jpg
http://www.wikidata.org/entity/Q57340128,Škoda Scala,,Škoda Rapid,,1471,1793,4362,,https://www.skoda-auto.com/models/range/scala,http://commons.wikimedia.org/wiki/Special:FilePath/2019%20Skoda%20Scala%20SE%20TDi%201.6%20Front.jpg
http://www.wikidata.org/entity/Q109315466,Škoda Slavia,,Škoda Rapid (2011),,1487,1752,4541,,https://www.skoda-auto.co.in/models/slavia/slavia,http://commons.wikimedia.org/wiki/Special:FilePath/2021%20%C5%A0koda%20Slavia%201.5%20TSI%20Style%20%28India%29%20front%20view.png
http://www.wikidata.org/entity/Q392060,Škoda Superb,,,Škoda VOS,,,,,,http://commons.wikimedia.org/wiki/Special:FilePath/SkodaSuperB.jpg
http://www.wikidata.org/entity/Q392083,Škoda Superb,,,,,1765,,,https://www.skoda-auto.com/models/range/superb,http://commons.wikimedia.org/wiki/Special:FilePath/%C5%A0koda%20Superb%20IV%20Combi%20Automesse%20Ludwigsburg%202024%20IMG%201400.jpg
http://www.wikidata.org/entity/Q392080,Škoda VOS,,Škoda Superb,,1750,1950,5700,,,http://commons.wikimedia.org/wiki/Special:FilePath/Skoda-vos-l.jpg
http://www.wikidata.org/entity/Q113534255,Škoda Vision 7S,,,,,,,,,http://commons.wikimedia.org/wiki/Special:FilePath/%C5%A0koda%20Vision%207S.png
http://www.wikidata.org/entity/Q392105,Škoda Yeti,,,Škoda Karoq,,1793,4223,,,http://commons.wikimedia.org/wiki/Special:FilePath/Skoda%20Yeti%20%E2%80%93%20Frontansicht%2C%2014.%20Juni%202011%2C%20Mettmann.jpg
http://www.wikidata.org/entity/Q9396971,Q9396971,1938-01-01T00:00:00Z,,,,,,,,
http://www.wikidata.org/entity/Q9396970,Q9396970,1939-01-01T00:00:00Z,,,,,,,,
http://www.wikidata.org/entity/Q10403750,Škoda 21Ab,1995-01-01T00:00:00Z,,,2823,2500,11560,9600,,http://commons.wikimedia.org/wiki/Special:FilePath/Brno%2C%20%C5%98e%C4%8Dkovice%2C%20depozit%C3%A1%C5%99%20TMB%2C%20%C5%A0koda%2021Ab%20%C4%8D.%20362%20%2801%29.jpg
http://www.wikidata.org/entity/Q10404678,Škoda H12,2012-01-01T00:00:00Z,,,3250,2550,12000,,,http://commons.wikimedia.org/wiki/Special:FilePath/Solaris%20Urbino%20%C5%A0koda%20Hybridbus.jpg
